title,original_title,budget,genre,language,spoken_languages,homepage,overview,popularity,runtime,revenue,release_date,vote_average,vote_count,production_countries,web_url,snippet,source,keywords,pub_date,word_count,headline.main,headline.kicker,headline.content_kicker,headline.print_headline,headline.name,headline.seo,headline.sub,byline.original,byline.organization
The Attachment Diaries,El apego,0,"Drama, Mystery, Thriller, Horror",es,Spanish,,"Argentina, 1970s. A desperate young woman goes to a clinic to have a clandestine abortion. As her pregnancy is already through the fourth month, the doctor refuses. Instead, she proposes to sell the baby to one of her clients and offers to provide shelter in her house until the child is born. Their disturbed personalities will become intertwined in a strange and dangerous relationship.",5.33,102,0,2021-10-07,3.0,4,Argentina,https://www.nytimes.com/2023/05/25/movies/the-attachment-diaries-review.html,"A gynecologist and her patient form a horrifyingly twisted connection in this batty, bloody Argentine melodrama.",The New York Times,"subject: Movies;creative_works: The Attachment Diaries (Movie);persons: Diment, Valentin Javier;",2023-05-25T11:00:03+0000,295,"‘The Attachment Diaries’ Review: Love, Sick",,,The Attachment Diaries,,,,By Jeannette Catsoulis,
You Can Live Forever,You Can Live Forever,0,"Drama, Romance",en,"English, French",https://gooddeedentertainment.com/you-can-live-forever/,"When Jaime, a gay teenager, is sent to live in a community of Jehovah's Witnesses in small-town Quebec, she falls madly in love with a devout Witness girl. The two embark on an intense affair with consequences that will reshape the rest of their lives.",36.875,96,15055,2023-03-24,6.611,36,"Canada, United States of America",https://www.nytimes.com/2023/05/04/movies/you-can-live-forever-review.html,Religion comes between two girls falling in love in the 1990s in this sweet coming-of-age film bathed in grunge hues.,The New York Times,"subject: Movies;creative_works: You Can Live Forever (Movie);persons: Slutsky, Mark;persons: Watts, Sarah (Film Director);persons: O'Driscoll, Anwen;persons: Laporte, June (Actor);",2023-05-04T11:00:08+0000,294,‘You Can Live Forever’ Review: Do You Love Me Now?,,,You Can Live Forever,,,,By Elisabeth Vincentelli,
One True Loves,One True Loves,0,"Romance, Drama, Comedy",en,"English, Spanish",,"Emma and Jesse are living the perfect life together, until Jesse disappears in a tragic helicopter crash on their first wedding anniversary. Four years later, Emma has found happiness again and is about to marry her best friend when Jesse resurfaces, turning her world upside down and leaving her torn between two great loves.",12.611,100,37820,2023-04-07,6.458,72,"Czech Republic, United States of America",https://www.nytimes.com/2023/04/13/movies/one-true-loves-movie-review.html,"A film adaptation of Taylor Jenkins Reid’s novel has potential for drama, but it stumbles on stock melodrama.",The New York Times,"subject: Movies;persons: Bracey, Luke (1989- );persons: Liu, Simu;persons: Reid, Taylor Jenkins;persons: Soo, Phillipa;persons: Fickman, Andy;creative_works: One True Loves (Movie);",2023-04-13T11:00:06+0000,320,‘One True Loves’ Review: A Romance Lost at Sea,,,One True Loves,,,,By Brandon Yu,
The Lost Weekend: A Love Story,The Lost Weekend: A Love Story,0,Documentary,en,English,https://thelostweekendmovie.com/,"May Pang lovingly recounts her life in rock & roll and the whirlwind 18 months spent as friend, lover, and confidante to one of the towering figures of popular culture, John Lennon, in this funny, touching, and vibrant portrait of first love.",4.28,95,77145,2023-04-13,6.0,2,United States of America,https://www.nytimes.com/2023/04/13/movies/the-lost-weekend-a-love-story-review.html,"There’s not much Lennon music heard in this doc about his affair with May Pang, and given how much Pang trashes his wife, Yoko Ono, it’s no surprise it was withheld.",The New York Times,"subject: Documentary Films and Programs;creative_works: The Lost Weekend: A Love Story (Movie);persons: Pang, May;persons: Lennon, John;persons: Ono, Yoko;persons: Brandstein, Eve;persons: Kaufman, Richard S (Filmmaker);persons: Samuels, Stuart (Filmmaker);subject: Content Type: Personal Profile;subject: Pop and Rock Music;",2023-04-13T11:00:03+0000,327,‘The Lost Weekend: A Love Story’ Review: When John Lennon Strayed,,,The Lost Weekend:  A Love Story,,,,By Glenn Kenny,
A Thousand and One,A Thousand and One,0,"Drama, Crime",en,"English, Spanish, Portuguese",https://www.focusfeatures.com/a-thousand-and-one/,"Struggling but unapologetically living on her own terms, Inez is moving from shelter to shelter in mid-1990s New York City. With her 6-year-old son Terry in foster care and unable to leave him again, she kidnaps him so they can build their life together. As the years go by, their family grows and Terry becomes a smart yet quiet teenager, but the secret that has defined their lives threatens to destroy the home they have so improbably built.",10.103,116,3395595,2023-03-31,6.903,88,United States of America,https://www.nytimes.com/2023/03/30/movies/a-thousand-and-one-review.html,"A mesmerizing Teyana Taylor stars in A.V. Rockwell’s feature directing debut, about motherhood and survival in a fast-changing city.",The New York Times,"subject: Movies;creative_works: A Thousand and One (Movie);persons: Rockwell, AV (Film Director);persons: Taylor, Teyana (1990- );",2023-03-30T18:53:42+0000,971,‘A Thousand and One’ Review: A New York Love Story,Critic’s Pick,,An Unbending Will Meets a Shifting City,,,,By Manohla Dargis,
Your Place or Mine,Your Place or Mine,0,"Romance, Comedy",en,English,https://www.netflix.com/title/81045831,"When best friends and total opposites Debbie and Peter swap homes for a week, they get a peek into each other's lives that could open the door to love.",26.762,109,0,2023-02-10,6.281,709,United States of America,https://www.nytimes.com/2023/02/09/movies/your-place-or-mine-review.html,This humdrum Netflix romantic comedy features Reese Witherspoon and Ashton Kutcher as longtime friends with possibly hidden feelings for each other.,The New York Times,"subject: Movies;creative_works: Your Place or Mine (Movie);persons: Witherspoon, Reese;persons: Kutcher, Ashton;persons: McKenna, Aline Brosh;",2023-02-10T00:00:05+0000,569,‘Your Place or Mine’ Review: Try Neither,,,They Have a Humdrum Kind of Love,,,,By Amy Nicholson,
Love in the Time of Fentanyl,Love in the Time of Fentanyl,0,Documentary,en,English,,An intimate portrait of a community fighting to save lives and keep hope alive in a neighborhood ravaged by the overdose crisis.,1.785,85,0,2023-02-03,0.0,0,"Canada, United States of America",https://www.nytimes.com/2023/02/02/movies/love-in-the-time-of-fentanyl-review.html,"To combat the overdose crisis, a group that includes former and current users open a safe consumption site where shooting up does not have to mean death.",The New York Times,"subject: Documentary Films and Programs;subject: Fentanyl;subject: Drug Abuse and Traffic;subject: Volunteers and Community Service;creative_works: Love in the Time of Fentanyl (Movie);persons: Askey, Colin;glocations: Vancouver (British Columbia);organizations: Overdose Prevention Society;",2023-02-02T12:00:11+0000,306,"‘Love in the Time of Fentanyl’ Review: Heartbreak, Death and Hope in Vancouver",,,Love in the Time Of Fentanyl,,,,By Concepción de León,
After Love,After Love,0,Drama,en,"English, Arabic, French, Urdu",,"Set in the port town of Dover in the South-East of England, Mary Hussain suddenly finds herself a widow following the unexpected death of her husband. A day after the burial, she discovers he has a secret just twenty-one miles across the English Channel in Calais.",20.945,89,0,2021-06-04,7.152,122,United Kingdom,https://www.nytimes.com/2023/01/19/movies/after-love-review.html,"In this intelligent melodrama by the director Aleem Khan, a British woman discovers her husband has been leading a double life.",The New York Times,"subject: Movies;creative_works: After Love (2020) (Movie);persons: Khan, Aleem;persons: Scanlan, Joanna (1961- );",2023-01-19T12:00:06+0000,359,‘After Love’ Review: The Other Woman,Critic’s Pick,,After Love,,,,By Beatrice Loayza,
Alcarràs,Alcarràs,0,Drama,ca,Catalan,https://www.alcarras-film.com/,"In a small village in Catalonia, the peach farmers of the Solé family spend every summer together picking fruit from their orchard. But when plans arise to install solar panels and cut down trees, the members of this tight-knit group suddenly face eviction – and the loss of far more than their home.",14.598,120,0,2022-04-29,6.867,180,Spain,https://www.nytimes.com/2023/01/05/movies/alcarras-review.html,"In this naturalistic drama from Spain, a family confronts the impending loss of its generations-old farm.",The New York Times,"subject: Movies;persons: Simon, Carla;creative_works: Alcarras (Movie);",2023-01-05T12:00:03+0000,306,‘Alcarràs’ Review: Labor of Love,,,Alcarràs,,,,By Devika Girish,
The Sound of Christmas,The Sound of Christmas,0,"TV Movie, Drama",en,English,,A woman facing eviction just before Christmas who must navigate budding romantic feelings for a handsome billionaire when she takes a job nannying for his two children right before Christmas.,1.173,0,0,2022-11-24,8.0,4,United States of America,https://www.nytimes.com/2022/11/23/movies/sound-of-christmas-review.html,A young singer gets more than she bargained for when she accepts a job as a nanny for a billionaire’s children.,The New York Times,"subject: Movies;persons: Ne-Yo;creative_works: The Sound of Christmas (Movie);persons: Mattison, Booker T;persons: McNeill, Serayah;",2022-11-23T15:00:09+0000,277,‘The Sound of Christmas’ Review: A Gospel Singer Finds Love,,,The Sound  Of Christmas,,,,By Concepción de León,
The Inspection,The Inspection,0,Drama,en,"Arabic, Spanish, English",https://a24films.com/films/inspection,"Ellis French is a young, gay Black man, rejected by his mother and with few options for his future, decides to join the Marines, doing whatever it takes to succeed in a system that would cast him aside. But even as he battles deep-seated prejudice and the grueling routines of basic training, he finds unexpected camaraderie, strength, and support in this new community, giving him a hard-earned sense of belonging that will shape his identity and forever change his life.",26.393,95,270613,2022-11-18,6.179,56,United States of America,https://www.nytimes.com/2022/11/17/movies/the-inspection-review-boot-camp-a-love-story.html,"Elegance Bratton’s autobiographical first feature is a lyrical, wrenching look at a young Marine’s journey through basic training.",The New York Times,"subject: Movies;creative_works: The Inspection (Movie);persons: Bratton, Elegance;",2022-11-17T12:00:07+0000,836,"‘The Inspection’ Review: Boot Camp, a Love Story",critic’s pick,,"A Few Good Men, Some With Secrets",,,,By A.O. Scott,
Bones and All,Bones and All,16000000,"Drama, Horror, Romance",it,English,https://www.bonesandallfilm.net/,"Abandoned by her father, a young woman embarks on a thousand-mile odyssey through the backroads of America where she meets a disenfranchised drifter. But despite their best efforts, all roads lead back to their terrifying pasts and to a final stand that will determine whether their love can survive their otherness.",30.307,131,15234907,2022-11-18,7.068,1252,"Italy, United States of America",https://www.nytimes.com/2022/11/17/movies/bones-and-all-review.html,Luca Guadagnino’s latest stars Timothée Chalamet and Taylor Russell as young cannibals on the run.,The New York Times,"subject: Movies;creative_works: Bones and All (Movie);persons: Guadagnino, Luca;persons: Chalamet, Timothee (1995- );persons: Russell, Taylor (1994- );",2022-11-17T12:00:06+0000,710,‘Bones and All’ Review: You Eat What You Are,,,"It’s Eat, Prey, Love on a Journey of Self-Discovery",,,,By A.O. Scott,
My Policeman,My Policeman,0,"Drama, Romance",en,English,https://www.amazon.com/dp/B09Y8SHDPD,"In the late 1990s, the arrival of elderly invalid Patrick into Marion and Tom’s home triggers the exploration of seismic events from 40 years previous: the passionate relationship between Tom and Patrick at a time when homosexuality was illegal.",24.341,113,0,2022-10-20,7.726,639,"United Kingdom, United States of America",https://www.nytimes.com/2022/10/20/movies/my-policeman-review.html,"A schoolteacher, her police officer husband and his lover deny each other romantic satisfaction in this dismal melodrama.",The New York Times,"subject: Movies;creative_works: My Policeman (Movie);persons: Grandage, Michael;",2022-10-20T16:52:51+0000,303,"‘My Policeman’ Review: Two Love Affairs, Equally Tragic",,,My Policeman,,,,By Teo Bugbee,
About Fate,About Fate,0,"Romance, Comedy",en,English,,"Two strangers believe in love but never seem to be able to find its true meaning. In a wild twist of events, fate puts each in the other's path on one stormy New Year's Eve.",34.477,100,0,2022-09-08,7.471,360,United States of America,https://www.nytimes.com/2022/09/08/movies/about-fate-review.html,"Thomas Mann’s beguiling performance drives this Emma Roberts vehicle, but the romantic comedy creaks under the weight of its coincidences.",The New York Times,"subject: Movies;creative_works: About Fate (Movie);persons: Vaysberg, Marius;persons: Mann, Thomas (1991- );persons: Roberts, Emma (1991- );",2022-09-09T01:00:03+0000,289,‘About Fate’ Review: Love the One You’re With?,,,About Fate,,,,By Lisa Kennedy,
Waiting for Bojangles,En attendant Bojangles,0,"Drama, Comedy, Romance",fr,"English, French, Spanish",,"A boy and his eccentric parents leave their home in Paris for a country house in Spain. As the mother descends deeper into her own mind, it's up to the boy and his father to keep her safe and happy.",11.844,124,0,2021-10-13,7.371,302,"France, United States of America",https://www.nytimes.com/2022/09/01/movies/waiting-for-bojangles-review-endless-love.html,"Set in Paris in the 1960s, the film tells the story of two irrepressible lovers, and their young son, whose tale turns tragic.",The New York Times,"subject: Movies;persons: Bourdeaut, Olivier;creative_works: Waiting for Bojangles (Movie);persons: Roinsard, Regis;",2022-09-01T11:00:06+0000,267,‘Waiting for Bojangles’ Review: Endless Love,,,Waiting for Bojangles,,,,By Calum Marsh,
I Love My Dad,I Love My Dad,0,Comedy,en,English,http://www.magpictures.com/ilovemydad/,A hopelessly estranged father catfishes his son in an attempt to reconnect.,5.504,90,0,2022-08-05,5.779,43,United States of America,https://www.nytimes.com/2022/08/04/movies/i-love-my-dad-review.html,This comedy is a daddy-issues movie with a queasy premise truly made for these times.,The New York Times,"subject: Movies;persons: Oswalt, Patton;creative_works: I Love My Dad (Movie);persons: Morosini, James;",2022-08-04T11:00:05+0000,418,‘I Love My Dad’ Review: A Father Catfishes His Son,,,A Father Catfishes His Son. We Just Wait for the Ick.,,,,By Glenn Kenny,
A Love Song,A Love Song,0,"Drama, Romance",en,"English, Spanish",,"Two childhood sweethearts, now both widowed, share a night by a lake in the mountains.",9.004,81,278562,2022-07-29,6.9,37,United States of America,https://www.nytimes.com/2022/07/28/movies/a-love-song-review.html,Two former childhood friends rekindle their connection in this sweetly hopeful story of romantic longing.,The New York Times,"subject: Movies;creative_works: A Love Song (Movie);persons: Walker-Silverman, Max;persons: Dickey, Dale (Actor);persons: Studi, Wes;",2022-07-28T11:00:06+0000,395,‘A Love Song’ Review: When Moving Forward Means Looking Back,Critic’s Pick,,The Romantic Ache That Never Truly Dies,,,,By Jeannette Catsoulis,
Alone Together,Alone Together,0,"Romance, Drama",en,English,,"Strangers June and Charlie wind up double-booked in the same upstate New York Airbnb during the start of COVID-19. Exasperating the situation, the lockdown forces them both to stay and confront the unexpected feelings that develop between them.",15.915,101,0,2022-07-22,4.964,42,United States of America,https://www.nytimes.com/2022/07/21/movies/alone-together-review.html,"Katie Holmes writes, directs and stars in this minor-key rom-com set in 2020.",The New York Times,"subject: Movies;persons: Holmes, Katie;creative_works: Alone Together (Movie);",2022-07-21T15:37:18+0000,254,‘Alone Together’ Review: Finding Love in a Pandemic Retreat,,,Alone Together,,,,By Teo Bugbee,
Art of Love,Romantik Hırsız,0,"Romance, Action, Drama",tr,Turkish,https://www.netflix.com/title/81689799,"After learning that the art thief she has been chasing is her ex-lover, an officer working for Interpol concocts a plan to catch him red-handed.",81.97,99,0,2024-03-13,6.495,111,Turkey,https://www.nytimes.com/2022/07/21/movies/art-of-love-review.html,"A disillusioned college professor develops a relationship with a young Chinese woman, in a familiar and worn-out narrative.",The New York Times,"subject: Movies;creative_works: Art of Love (Movie);persons: Kaplan, Betty (Film Director);",2022-07-21T13:21:43+0000,354,‘Art of Love’ Review: An Erotic Male Fantasy in Puerto Rico,,,Art of Love,,,,By Concepción de León,
Thor: Love and Thunder,Thor: Love and Thunder,250000000,"Fantasy, Action, Comedy",en,English,https://www.marvel.com/movies/thor-love-and-thunder,"After his retirement is interrupted by Gorr the God Butcher, a galactic killer who seeks the extinction of the gods, Thor Odinson enlists the help of King Valkyrie, Korg, and ex-girlfriend Jane Foster, who now wields Mjolnir as the Mighty Thor. Together they embark upon a harrowing cosmic adventure to uncover the mystery of the God Butcher’s vengeance and stop him before it’s too late.",141.287,119,760900000,2022-07-06,6.464,7210,United States of America,https://www.nytimes.com/2022/07/07/movies/thor-love-and-thunder-review.html,"The director Taika Waititi injects antic silliness, once again, into this Marvel franchise starring Chris Hemsworth, who swings a mighty hammer and flexes mightier muscles.",The New York Times,"subject: Movies;organizations: Marvel Studios;persons: Bale, Christian;persons: Crowe, Russell;persons: Hemsworth, Chris;persons: Waititi, Taika;persons: Thompson, Tessa;persons: Portman, Natalie;",2022-07-07T18:26:10+0000,942,‘Thor: Love and Thunder’ Review: A God’s Comic Twilight,,,"He’s Still a Norse God, But Also a Big Old Goof",,,,By Manohla Dargis,
Both Sides of the Blade,Avec amour et acharnement,0,"Drama, Romance",fr,French,https://www.bothsidesoftheblade.com/,"Jean and Sara have been living together for 10 years. When they first met, Sara was living with François, Jean’s best friend and an admirer from back when he played rugby. Jean and Sara love each other. One day, Sara sees François in the street. He does not notice her, but she is overtaken by the sensation that her life could suddenly change. François gets back in touch with Jean. For the first time in years. He suggests they start working together again. From here on, things spiral out of control.",14.973,117,1747438,2022-07-08,5.463,82,France,https://www.nytimes.com/2022/07/07/movies/both-sides-of-the-blade-review.html,"In the latest film from Claire Denis, Juliette Binoche plays a Parisian radio journalist in a romantic quandary.",The New York Times,"subject: Movies;persons: Denis, Claire;persons: Binoche, Juliette;persons: Lindon, Vincent;creative_works: Both Sides of the Blade (Movie);",2022-07-07T11:00:07+0000,649,‘Both Sides of the Blade’ Review: Who Do You Love?,,,A Bliss Doomed To Be Doused,,,,By A.O. Scott,
Fire of Love,Fire of Love,0,Documentary,en,"English, French, Spanish, Portuguese",https://films.nationalgeographic.com/fire-of-love,"A doomed love triangle between intrepid French scientists Katia and Maurice Krafft, and their beloved volcanoes.",9.888,93,0,2022-07-06,7.527,185,"Canada, United States of America",https://www.nytimes.com/2022/07/06/movies/fire-of-love-review.html,Sara Dosa’s new documentary chronicles the lives and deaths of the French scientists Katia and Maurice Krafft.,The New York Times,"subject: Documentary Films and Programs;subject: Volcanoes;creative_works: Fire of Love (Movie);subject: Content Type: Personal Profile;subject: Deaths (Fatalities);persons: Dosa, Sara;persons: Krafft, Maurice (1946-91);persons: Krafft, Katia (1942-91);",2022-07-06T11:00:06+0000,609,‘Fire of Love’ Review: A Volcanic Romance,critic’s pick,,A Volcanic Romance Across Continents,,,,By A.O. Scott,
Stay Prayed Up,Stay Prayed Up,0,Documentary,en,English,,"Lena Mae “Mother” Perry, the backbone of her community, cooks for crowds, tends to the needy, and boy, can she sing! After 50 years leading the dynamic, down-home gospel group The Branchettes, the octogenarian powerhouse, armed with her unwavering faith, shows no signs of slowing down. Taking us inside her loving community while following the recording of the group’s first album, this film is bursting with warmth, joy, and soul-stirring gospel music.",0.031,73,0,2021-09-01,0.0,0,United States of America,https://www.nytimes.com/2022/06/16/movies/stay-prayed-up-review.html,"A new documentary about the gospel ensemble the Branchettes and its guiding light, Lena Mae Perry, is a plain-spoken tribute.",The New York Times,"subject: Documentary Films and Programs;subject: Gospel Music;creative_works: Stay Prayed Up (Movie);subject: Content Type: Personal Profile;persons: Perry, Lena Mae;organizations: Branchettes (Music Group);persons: Anderson, DL (Filmmaker);persons: Durning, Matthew;",2022-06-16T11:00:08+0000,330,‘Stay Prayed Up’ Review: Spreading the Gospel of Love,,,Stay Prayed Up,,,,By Glenn Kenny,
Benediction,Benediction,0,"Drama, History, War",en,"English, French, German",,"Poet Siegfried Sassoon survived the horrors of fighting in the First World War and was decorated for his bravery, but became a vocal critic of the government's continuation of the war when he returned from service. Adored by members of the aristocracy as well as stars of London's literary and stage world, he embarked on affairs with several men as he attempted to come to terms with his homosexuality.",23.181,137,847418,2021-12-23,5.983,58,"United Kingdom, United States of America",https://www.nytimes.com/2022/06/02/movies/benediction-review.html,"Terence Davies’s latest film is a biography of Siegfried Sassoon, whose writing about World War I changed British literature.",The New York Times,"subject: Movies;persons: Davies, Terence;creative_works: Benediction (Movie);persons: Lowden, Jack (1990- );subject: Poetry and Poets;persons: Sassoon, Siegfried;",2022-06-02T11:00:06+0000,883,"‘Benediction’ Review: A Poet’s Life, in Love and War",,,"A Poet’s Life, In Love and War",,,,By A.O. Scott,
Dinner in America,Dinner in America,0,"Romance, Comedy, Music",en,English,https://www.dinnerinamerica.com,An on-the-lam punk rocker and a young woman obsessed with his band go on an unexpected and epic journey together through the decaying suburbs of the American Midwest.,12.566,106,0,2022-05-27,7.368,53,United States of America,https://www.nytimes.com/2022/05/26/movies/dinner-in-america-review.html,A rage-fueled rock singer on the run from the police meets and falls in love with a gullible young woman eager to escape her circumstances.,The New York Times,"subject: Movies;persons: Rehmeier, Adam;creative_works: Dinner in America (Book);",2022-05-26T11:00:04+0000,254,‘Dinner in America’ Review: A Punk-Rock Love Story,,,Dinner in America,,,,By Concepción de León,
In a New York Minute,In a New York Minute,0,Drama,en,English,,"In A New York Minute follows three Asian women, each at a different stage in their life as they deal with their own personal struggles. Amy is haunted by a past breakup that has manifested into an eating disorder. Angel is caught between a loveless marriage with an older American businessman and a passionate affair with Chinese filmmaker. Nina moonlights as an escort as a way of supporting herself financially. As the story unfolds, the film reveals each character’s wants and desires is reflected in the other.",2.25,102,0,2019-04-28,3.2,2,,https://www.nytimes.com/2022/05/03/movies/in-a-new-york-minute-review.html,This drama from Ximan Li teases time in telling the stories of three Chinese women living in a city that tempts promise but delivers frustration.,The New York Times,subject: Movies;creative_works: In A New York Minute (Movie);persons: Ximan Li;,2022-05-03T21:05:25+0000,299,‘In a New York Minute’ Review: Love or Freedom?,,,In a New York Minute,,,,By Lisa Kennedy,
Anaïs in Love,Les Amours d’Anaïs,0,"Drama, Romance, Comedy",fr,"French, English",,A young woman struggling to stay on top of everything in her life meets a married publisher and begins an affair with him.,10.238,98,41356,2021-09-15,6.236,138,France,https://www.nytimes.com/2022/04/28/movies/anais-in-love-review.html,"A restless woman discovers herself in a seductive French romance that throws out the usual dusty script about women, desire and pleasure.",The New York Times,"subject: Movies;persons: Bourgeois-Tacquet, Charline;creative_works: Anais in Love (Movie);",2022-04-28T16:18:57+0000,842,‘Anaïs in Love’ Review: Portrait of a Woman on the Run,Critic’s Pick,,Portrait of a Restless Heart,,,,By Manohla Dargis,
I Love America,I Love America,0,"Comedy, Romance",fr,"French, English, Spanish",,"A single woman who decides to take a chance on love again by catapulting her life from Paris to Los Angeles. From awkward dates to touching surprise encounters, she understands the journey to love is a journey towards herself.",5.787,102,0,2022-03-11,5.068,74,"United States of America, France",https://www.nytimes.com/2022/04/28/movies/i-love-america-review.html,The determinedly uplifting comedy follows a 50-year-old French filmmaker as she dates in Los Angeles.,The New York Times,"subject: Movies;persons: Marceau, Sophie;creative_works: I Love America (Movie);persons: Azuelos, Lisa;",2022-04-28T11:00:07+0000,291,‘I Love America’ Review: The Gauche Rituals of Modern Romance,,,I Love America,,,,By Nicolas Rapold,
See You Then,See You Then,0,Drama,en,English,https://vanishingangle.com/see-you-then,"A decade after abruptly breaking up with Naomi, Kris invites her to a dinner to catch-up on their complicated lives, relationships, and Kris' transition.",1.054,74,0,2022-04-01,3.3,5,United States of America,https://www.nytimes.com/2022/04/18/movies/see-you-then-review.html,"Former lovers reconnect, litigating the past and present, in this drama from Mari Walker.",The New York Times,"subject: Movies;creative_works: See You Then (Movie);persons: Walker, Mari;",2022-04-18T11:00:03+0000,300,‘See You Then’ Review: The More Things Stay the Same,,,The Persistent Melancholy of Love,,,,By Kyle Turner,
La Mami,La Mami,0,Documentary,es,Spanish,http://gadeafilms.com/la-mami,"One of the rooms inside the legendary Barba Azul Cabaret has become a shelter for the girls working there: the women's bathroom. Every night La Mami, who's in charge of the bathrooms, offers them the warmth and the advice they need to take on the challenge they face in the dance hall.",5.047,82,0,2020-01-27,6.2,4,"Mexico, Spain",https://www.nytimes.com/2022/04/07/movies/la-mami-review-tough-love.html,This documentary about the den mother of dancers at a Mexico City cabaret is vérité at its best.,The New York Times,"subject: Documentary Films and Programs;subject: Women and Girls;subject: Dancing;subject: Bars and Nightclubs;subject: Labor and Jobs;subject: Content Type: Personal Profile;glocations: Mexico City (Mexico);glocations: Mexico;creative_works: La Mami (Movie);persons: Garvin, Laura Herrero;",2022-04-07T11:00:04+0000,278,‘La Mami’ Review: Tough Love,Critic’s Pick,,La Mami,,,,By Beandrea July,
Love After Love,Love After Love,0,Drama,en,English,,A sixty-something mother and her two adult sons cope and move onward following the death of their larger-than-life father/husband.,2.031,93,128602,2018-03-30,5.7,21,United States of America,https://www.nytimes.com/2022/03/17/movies/love-after-love-review.html,Ann Hui’s World War II-era film is lovely to look at but lacks emotional depth and resonance.,The New York Times,"subject: Movies;organizations: MUBI Inc;persons: Hui, Ann;persons: Peng, Eddie (1982- );glocations: Hong Kong;creative_works: Love After Love (Movie);",2022-03-17T11:00:12+0000,292,‘Love After Love’ Review: Elegance Without a Center,,,Love After Love,,,,By Claire Shaffer,
Deep Water,Deep Water,49000000,"Drama, Mystery, Thriller",en,English,https://www.hulu.com/movie/deep-water-2c4ae82e-2c1b-41d5-a651-82189d1c8b2c,"Vic and Melinda Van Allen are a couple in the small town of Little Wesley. Their loveless marriage is held together only by a precarious arrangement whereby, in order to avoid the messiness of divorce, Melinda is allowed to take any number of lovers as long as she does not desert her family.",98.765,116,0,2022-03-18,5.799,1289,United States of America,https://www.nytimes.com/2022/03/17/movies/deep-water-review.html,An unhappy husband raises suspicions when his wife’s lovers begin to disappear.,The New York Times,"subject: Movies;creative_works: Deep Water (Movie);persons: Affleck, Ben;persons: Lyne, Adrian;persons: de Armas, Ana;",2022-03-17T11:00:05+0000,534,‘Deep Water’ Review: Love and Loathing in New Orleans,,,A Non-Erotic Non-Thriller,,,,By Jeannette Catsoulis,
Lucy and Desi,Lucy and Desi,0,Documentary,en,English,https://www.amazon.com/dp/B09QG6H8D9,Explore the unlikely partnership and enduring legacy of one of the most prolific power couples in entertainment history. Lucille Ball and Desi Arnaz risked everything to be together.,6.597,102,0,2022-01-21,7.1,37,United States of America,https://www.nytimes.com/2022/03/03/movies/lucy-and-desi-review.html,"This documentary, directed by Amy Poehler and about the dynamic duo behind “I Love Lucy,” favors the good times over the difficult ones.",The New York Times,"subject: Documentary Films and Programs;persons: Ball, Lucille;persons: Arnaz, Desi;persons: Poehler, Amy;creative_works: Lucy and Desi (Movie);subject: Television;subject: Actors and Actresses;subject: Content Type: Personal Profile;",2022-03-03T16:06:54+0000,279,‘Lucy and Desi’ Review: Love in the Time of Television,,,Lucy and Desi,,,,By Natalia Winkelman,
Cyrano,Cyrano,20000000,"Drama, Romance",en,English,https://www.unitedartistsreleasing.com/cyrano/synopsis/,"A man ahead of his time, Cyrano de Bergerac dazzles whether with ferocious wordplay at a verbal joust or with brilliant swordplay in a duel. But, convinced that his appearance renders him unworthy of the love of a devoted friend, the luminous Roxanne, Cyrano has yet to declare his feelings for her—and Roxanne has fallen in love, at first sight, with Christian.",15.768,124,3000000,2021-12-17,6.411,276,"Canada, United Kingdom, United States of America",https://www.nytimes.com/2022/02/23/movies/cyrano-review.html,Peter Dinklage wields pen and sword in a musical adaptation of the durable French romance.,The New York Times,"subject: Movies;creative_works: Cyrano (Movie);persons: Wright, Joe;persons: Dinklage, Peter;persons: Bennett, Haley;persons: Harrison, Kelvin Jr;persons: Berninger, Matt;persons: Besser, Carin;persons: Dessner, Aaron;persons: Schmidt, Erica (1975- );organizations: National, The (Music Group);",2022-02-24T00:36:54+0000,845,‘Cyrano’ Review: Who Wrote the Book of Love?,,,Who Gets to Write the Book of Love?,,,,By A.O. Scott,
The In Between,The In Between,0,"Romance, Science Fiction, Drama",en,English,https://www.netflix.com/title/81447264,"After surviving a car accident that took the life of her boyfriend, a teenage girl believes he's attempting to reconnect with her from the after world.",24.124,116,0,2022-02-11,7.372,681,United States of America,https://www.nytimes.com/2022/02/11/movies/the-in-between-review.html,A teenage girl thinks that her dead boyfriend’s spirit is reaching out from the Great Beyond.,The New York Times,"persons: King, Joey;persons: Allen, Kyle (1994- );subject: Movies;persons: Posin, Arie;creative_works: The In Between (Movie);",2022-02-11T08:00:06+0000,285,‘The In Between’ Review: Love Never Dies,,,The In Between,,,,By Lena Wilson,
Book of Love,Book of Love,0,"Comedy, Romance, Drama",en,"English, Spanish, Portuguese",,"Henry, an English writer who has written a new book that has become a failure in the U.K, gets notified that the dull book has been highly trending over in Mexico. Little does he know that Maria, a Spanish translator, turned the book into an erotic novel. Henry and Maria then swerve around Mexico to do a book tour and go through a wind of events.",7.515,106,398876,2022-01-06,5.6,117,"Mexico, United Kingdom, United States of America",https://www.nytimes.com/2022/02/04/movies/book-of-love-review.html,"Unbeknown to the author of an uninspired romance novel, the book takes a sharp turn into erotic territory in its Spanish-language release.",The New York Times,"subject: Movies;persons: Claflin, Sam;persons: Cal y Mayor, Analeine;creative_works: Book of Love (Movie);",2022-02-04T05:01:04+0000,269,‘Book of Love’ Review: Lust (Eventually) in Translation,,,Book of Love,,,,By Natalia Winkelman,
The Pink Cloud,A Nuvem Rosa,0,"Drama, Science Fiction",pt,Portuguese,,"Giovana and Yago are strangers who share a spark after meeting at a party. When a deadly cloud mysteriously takes over their city, they are forced to seek shelter with only each other for company. As months pass and the planet settles into an extended quarantine, their world shrinks, and they are forced to come to terms with an accelerated timeline for their relationship. With all their other interactions governed by screens, and with the strain of isolation setting in, Giovana and Yago struggle to reinvent themselves and reconcile the differences that threaten to tear them apart.",3.678,105,0,2021-04-01,6.0,30,Brazil,https://www.nytimes.com/2022/01/13/movies/the-pink-cloud-review.html,Iuli Gerbase’s first feature film reflects a funhouse-mirror image of our present lives.,The New York Times,"subject: Movies;creative_works: The Pink Cloud (Movie);persons: Gerbase, Iuli;",2022-01-13T12:00:05+0000,316,‘The Pink Cloud’ Review: Love in Lockdown,,,The Pink Cloud,,,,By Claire Shaffer,
A Journal for Jordan,A Journal for Jordan,25000000,"Drama, Romance",en,English,https://www.sonypictures.com/movies/ajournalforjordan,"Based on the true story of First Sergeant Charles Monroe King, a soldier deployed to Iraq begins to keep a journal of love and advice for his infant son. Back at home, senior New York Times editor Dana Canedy revisits the story of her unlikely, life-altering relationship with King and his enduring devotion to her and their child.",13.363,131,6700000,2021-12-22,7.014,108,"Canada, United States of America",https://www.nytimes.com/2021/12/23/movies/a-journal-for-jordan-review.html,The actors Michael B. Jordan and Chanté Adams bring a compelling chemistry to the screen as opposites who fall for each other.,The New York Times,"subject: Movies;creative_works: A Journal for Jordan (Movie);persons: Washington, Denzel;persons: Jordan, Michael B;persons: Adams, Chante;subject: Books and Literature;creative_works: A Journal for Jordan: A Story of Love and Honor (Book);persons: Canedy, Dana;subject: Black People;subject: Blacks;",2021-12-23T18:54:12+0000,505,‘A Journal for Jordan’ Review: Reflections on Love Built and Lost,,,Reflections on Love That’s Built and Lost,,,,By Lisa Kennedy,
West Side Story,West Side Story,100000000,"Drama, Romance, Crime",en,"English, Spanish",https://www.20thcenturystudios.com/movies/west-side-story,"Two youngsters from rival New York City gangs fall in love, but tensions between their respective friends build toward tragedy.",32.571,156,76016171,2021-12-08,7.01,1482,United States of America,https://www.nytimes.com/2021/12/08/movies/west-side-story-review.html,"Steven Spielberg rediscovers the breathing, troubling essence of a classic, building a bold and current screen musical with no pretense to perfection.",The New York Times,"subject: Movies;subject: Theater;persons: Alvarez, David (1994- );persons: Bernstein, Leonard;persons: DeBose, Ariana;persons: Kushner, Tony;persons: Laurents, Arthur;persons: Peck, Justin;persons: Robbins, Jerome;persons: Sondheim, Stephen;persons: Spielberg, Steven;persons: Tesori, Jeanine;glocations: New York City;creative_works: West Side Story (2021) (Movie);",2021-12-08T14:55:30+0000,1316,"‘West Side Story’ Review: In Love and War, 1957 Might Be Tonight",Critic’s Pick,,"Meeting a Girl Named Maria, Again",,,,By A.O. Scott,
